num_links,num_caps_words,freq_spam_words,length,has_attachment,exclamation_marks,is_reply,label
0,8,0.05,242,0,8,0,0
0,0,0.02,338,0,8,0,0
8,13,0.04,384,0,2,1,0
7,11,0.44,227,0,3,0,1
14,16,0.31,77,0,9,0,1
6,2,0.11,470,0,1,0,0
4,2,0.17,203,1,4,1,0
5,5,0.07,314,1,1,0,0
3,5,0.09,376,0,5,0,0
4,15,0.24,88,0,5,1,1
18,17,0.41,384,0,9,0,1
10,22,0.29,354,0,8,1,1
7,21,0.27,79,0,3,0,1
10,13,0.12,494,1,7,1,0
0,3,0.14,649,1,5,0,0
8,19,0.1,189,0,10,0,1
1,9,0.17,619,0,2,1,0
8,16,0.18,431,1,0,0,0
4,7,0.01,680,0,1,1,0
8,4,0.03,586,0,4,1,0
8,6,0.14,508,1,7,1,0
10,7,0.22,356,0,10,0,1
0,2,0.14,160,0,1,0,0
1,16,0.05,597,0,8,0,0
9,18,0.09,584,1,3,0,0
16,16,0.25,294,0,2,0,1
13,8,0.19,152,0,10,1,1
8,13,0.26,93,0,9,0,1
3,7,0.42,176,0,4,1,1
9,17,0.42,139,0,8,0,1
4,14,0.06,669,1,2,0,0
4,23,0.36,86,0,7,0,1
18,21,0.42,326,0,4,0,1
1,5,0.01,169,0,6,0,0
9,7,0.12,140,0,6,1,0
3,10,0.05,505,0,4,1,0
5,5,0.26,343,0,3,0,1
8,8,0.03,457,0,3,1,0
17,22,0.35,368,0,12,0,1
8,9,0.19,206,0,4,0,0
8,4,0.05,315,1,3,1,0
4,1,0.02,533,1,0,0,0
7,25,0.44,137,0,9,1,1
1,2,0.19,252,0,5,0,0
4,14,0.23,75,0,7,0,1
10,3,0.07,673,1,2,0,0
2,13,0.0,440,1,3,1,0
6,17,0.41,295,0,5,0,1
7,11,0.06,333,0,0,0,0
11,7,0.44,197,0,7,1,1
8,10,0.19,218,1,2,1,0
16,16,0.35,215,0,8,0,1
9,13,0.12,278,0,2,0,1
5,15,0.32,394,0,3,1,1
10,13,0.07,402,0,3,1,0
6,5,0.12,408,1,8,0,0
9,18,0.38,365,0,12,1,1
17,11,0.28,141,0,12,0,1
13,7,0.39,175,0,12,1,1
9,9,0.11,180,0,9,0,1
9,17,0.27,179,0,4,0,1
1,13,0.04,630,1,0,0,0
1,14,0.03,575,1,7,1,0
8,14,0.18,586,1,4,0,0
4,16,0.1,344,1,7,0,0
3,8,0.07,653,0,2,0,0
7,11,0.12,263,0,7,1,1
9,18,0.24,354,0,2,1,1
14,14,0.36,269,0,10,0,1
11,18,0.27,254,0,7,1,1
7,4,0.2,646,0,6,0,0
16,9,0.4,148,0,2,1,1
9,19,0.21,249,0,6,1,1
5,20,0.11,331,0,2,1,1
5,25,0.11,70,0,5,0,1
9,4,0.05,584,0,3,1,0
5,5,0.12,217,0,4,0,0
4,18,0.14,484,1,3,0,0
10,7,0.02,408,0,0,1,0
10,11,0.01,449,0,6,1,0
14,25,0.41,290,0,4,1,1
11,24,0.38,330,0,9,1,1
11,15,0.4,99,0,6,1,1
17,23,0.31,249,0,7,0,1
13,10,0.27,236,0,6,1,1
11,22,0.1,152,0,3,0,1
7,17,0.15,587,1,7,0,0
10,17,0.34,211,0,12,1,1
14,18,0.45,336,0,7,1,1
4,9,0.05,223,0,5,0,0
2,6,0.04,595,1,8,1,0
3,9,0.05,283,1,0,0,0
4,22,0.2,119,0,12,1,1
3,23,0.2,300,0,9,1,1
4,13,0.43,299,0,3,0,1
5,23,0.32,82,0,4,0,1
4,2,0.2,221,1,3,1,0
17,14,0.4,274,0,6,0,1
1,6,0.13,370,0,2,0,0
5,10,0.1,285,0,11,1,1
10,14,0.35,287,0,3,0,1
10,18,0.13,302,1,1,0,0
4,4,0.01,269,1,4,1,0
12,17,0.43,311,0,10,1,1
4,18,0.36,364,0,6,0,1
3,13,0.3,144,0,9,1,1
2,18,0.09,603,0,7,1,0
13,8,0.4,223,0,8,1,1
15,22,0.11,100,0,7,1,1
15,21,0.39,55,0,12,1,1
9,21,0.23,310,0,12,1,1
3,8,0.11,394,1,7,0,0
10,10,0.21,62,0,10,1,1
6,19,0.43,386,0,4,1,1
4,16,0.14,525,1,7,0,0
7,17,0.17,361,0,10,0,1
4,13,0.07,619,1,0,1,0
9,18,0.2,601,0,7,1,0
15,19,0.43,151,0,5,1,1
16,6,0.21,297,0,8,1,1
10,4,0.1,137,0,8,1,0
7,3,0.11,567,0,2,1,0
2,2,0.09,371,1,6,0,0
10,17,0.08,424,1,8,0,0
3,9,0.2,192,1,1,0,0
12,5,0.12,83,0,6,1,1
7,12,0.29,344,0,12,0,1
5,24,0.4,372,0,12,0,1
7,12,0.26,185,0,9,1,1
7,9,0.14,261,0,7,1,0
4,13,0.14,567,1,3,1,0
1,7,0.08,467,1,4,0,0
10,12,0.05,679,0,7,1,0
3,11,0.04,294,1,2,0,0
10,1,0.06,551,0,5,0,0
12,15,0.36,144,0,5,0,1
5,16,0.1,379,0,4,1,0
4,10,0.16,579,0,2,0,0
10,12,0.19,670,1,1,1,0
6,19,0.23,399,0,6,1,1
5,3,0.13,582,0,8,1,0
3,2,0.13,575,1,6,0,0
4,14,0.45,114,0,3,0,1
2,12,0.09,653,1,2,1,0
7,13,0.19,386,0,5,0,0
10,16,0.13,243,0,10,1,1
11,11,0.44,287,0,3,0,1
9,0,0.01,441,0,2,0,0
9,23,0.18,174,0,7,0,1
9,0,0.06,248,0,8,1,0
1,0,0.03,466,0,5,0,0
4,9,0.36,324,0,3,0,1
14,21,0.31,286,0,10,0,1
0,16,0.06,131,0,7,1,0
6,20,0.35,282,0,3,0,1
7,7,0.14,374,0,12,1,1
12,19,0.28,275,0,3,0,1
10,17,0.14,320,1,7,0,0
17,17,0.25,103,0,7,1,1
11,16,0.43,297,0,3,0,1
1,13,0.02,481,0,8,0,0
8,17,0.07,225,1,5,1,0
0,9,0.12,460,0,8,0,0
18,12,0.4,234,0,10,1,1
11,23,0.18,274,0,10,0,1
10,8,0.01,379,1,5,1,0
7,23,0.33,90,0,4,0,1
9,17,0.25,229,0,4,1,1
13,23,0.31,81,0,4,0,1
0,2,0.05,534,1,7,1,0
6,16,0.25,200,0,12,1,1
4,1,0.04,156,0,3,1,0
2,8,0.06,222,0,7,1,0
15,22,0.35,311,0,10,1,1
4,18,0.11,94,0,7,1,1
10,13,0.06,514,0,5,0,0
9,14,0.17,470,0,6,0,0
15,21,0.13,213,0,7,0,1
8,7,0.28,113,0,10,0,1
5,11,0.15,251,0,1,0,0
8,24,0.15,390,0,3,0,1
10,15,0.09,677,1,5,1,0
5,20,0.25,210,0,6,0,1
5,14,0.26,74,0,2,1,1
1,2,0.12,619,1,7,0,0
9,15,0.31,311,0,4,0,1
13,7,0.28,143,0,2,0,1
7,16,0.1,262,1,5,1,0
13,24,0.12,378,0,12,1,1
6,22,0.34,200,0,6,0,1
7,16,0.21,390,0,12,1,1
5,14,0.3,384,0,7,0,1
10,16,0.02,533,1,0,1,0
9,15,0.43,303,0,5,0,1
2,2,0.06,203,0,5,0,0
2,5,0.04,269,1,0,1,0
10,19,0.31,284,0,5,0,1
18,11,0.23,347,0,9,1,1
6,16,0.11,265,0,2,1,0
18,16,0.29,107,0,10,0,1
8,13,0.26,317,0,4,1,1
10,19,0.41,68,0,8,0,1
14,12,0.24,96,0,7,0,1
6,25,0.22,129,0,4,0,1
18,9,0.37,295,0,9,0,1
0,8,0.04,253,1,1,1,0
6,6,0.18,382,0,11,1,1
18,24,0.29,378,0,10,0,1
4,13,0.0,461,0,6,0,0
1,16,0.19,169,0,6,1,0
15,16,0.19,63,0,7,0,1
6,23,0.36,225,0,4,0,1
13,25,0.16,292,0,9,0,1
1,14,0.01,306,0,3,0,0
12,21,0.24,333,0,9,1,1
9,14,0.22,79,0,12,1,1
14,18,0.41,280,0,8,1,1
7,15,0.07,631,1,1,1,0
8,22,0.2,107,0,3,1,1
4,14,0.12,536,0,7,1,0
14,24,0.45,195,0,12,0,1
15,16,0.28,136,0,2,0,1
10,14,0.01,168,0,5,1,0
4,24,0.15,285,0,7,1,1
5,23,0.15,242,0,8,1,1
3,3,0.01,290,1,8,1,0
1,8,0.15,556,0,4,1,0
7,7,0.26,282,0,3,1,1
1,17,0.11,407,0,2,1,0
1,6,0.16,342,1,0,1,0
5,14,0.16,664,0,1,0,0
18,21,0.24,264,0,11,0,1
13,25,0.13,293,0,12,1,1
8,9,0.25,83,0,3,0,1
8,15,0.43,170,0,7,1,1
4,6,0.13,664,1,2,1,0
1,16,0.13,694,0,2,1,0
9,1,0.17,129,0,0,1,0
9,13,0.12,131,1,8,1,0
4,15,0.05,515,1,7,0,0
2,14,0.08,575,0,5,0,0
13,16,0.44,121,0,7,0,1
17,8,0.19,181,0,4,0,1
15,24,0.25,136,0,7,1,1
8,20,0.45,294,0,9,1,1
5,17,0.28,178,0,5,1,1
12,20,0.31,389,0,12,1,1
3,8,0.25,190,0,7,1,1
15,6,0.3,154,0,7,1,1
17,22,0.2,374,0,12,0,1
6,17,0.23,228,0,10,1,1
3,16,0.08,141,0,0,0,0
7,16,0.09,627,0,5,1,0
12,23,0.22,315,0,10,1,1
4,15,0.16,477,1,1,1,0
10,0,0.12,371,0,0,1,0
15,9,0.39,179,0,2,0,1
17,15,0.25,266,0,5,1,1
9,15,0.17,163,0,8,0,0
10,15,0.11,421,0,7,1,0
10,8,0.12,296,0,4,1,0
12,14,0.35,305,0,7,1,1
11,14,0.14,333,0,8,1,1
2,9,0.01,180,1,7,1,0
3,6,0.17,377,1,2,0,0
9,7,0.05,643,0,3,0,0
13,20,0.14,125,0,2,0,1
18,20,0.33,202,0,7,1,1
1,18,0.05,138,0,6,0,0
0,12,0.16,290,1,0,0,0
6,15,0.2,383,0,10,1,1
2,16,0.09,297,0,5,0,0
10,8,0.14,114,1,4,0,0
15,18,0.28,99,0,8,0,1
7,20,0.21,182,0,2,1,1
17,13,0.43,209,0,11,0,1
14,12,0.12,115,0,9,1,1
12,8,0.32,206,0,7,0,1
7,20,0.15,365,0,7,1,1
7,17,0.16,323,0,1,1,0
5,2,0.18,214,0,8,0,0
2,5,0.07,632,1,1,0,0
7,2,0.18,556,0,7,0,0
7,18,0.01,573,1,0,1,0
3,11,0.3,78,0,8,1,1
8,1,0.19,170,1,0,1,0
7,25,0.44,385,0,8,1,1
6,14,0.17,486,1,1,0,0
5,3,0.04,650,1,8,0,0
3,0,0.15,405,1,8,1,0
3,7,0.09,258,1,3,0,0
16,24,0.37,63,0,5,0,1
4,19,0.31,79,0,5,0,1
10,22,0.18,83,0,4,1,1
13,23,0.31,399,0,7,0,1
7,21,0.18,208,0,6,0,1
9,5,0.13,537,1,0,1,0
10,12,0.16,426,1,6,0,0
8,22,0.27,170,0,6,0,1
0,17,0.08,526,0,6,0,0
13,25,0.13,285,0,7,0,1
3,1,0.05,140,0,3,0,0
13,14,0.43,62,0,5,0,1
1,15,0.18,309,1,3,1,0
6,14,0.11,467,1,4,1,0
7,14,0.02,580,1,3,1,0
4,23,0.4,129,0,2,1,1
9,18,0.14,402,0,3,1,0
10,20,0.29,227,0,6,1,1
10,15,0.09,460,0,2,1,0
4,21,0.11,93,0,12,0,1
6,4,0.17,336,0,2,0,0
17,16,0.12,381,0,12,1,1
0,0,0.11,521,0,0,1,0
4,0,0.1,540,0,1,0,0
3,6,0.12,358,1,4,1,0
15,19,0.3,170,0,6,0,1
10,1,0.02,488,1,8,1,0
3,10,0.13,277,0,12,1,1
1,16,0.18,335,0,7,1,0
5,13,0.41,343,0,12,0,1
13,5,0.44,355,0,4,1,1
4,5,0.11,680,1,8,1,0
7,7,0.28,232,0,2,0,1
5,15,0.31,369,0,11,1,1
5,0,0.13,561,1,3,1,0
6,13,0.04,699,1,1,1,0
1,2,0.05,489,0,6,1,0
5,5,0.43,282,0,7,1,1
5,10,0.25,340,0,10,1,1
5,16,0.29,360,0,11,1,1
0,9,0.08,186,0,8,0,0
2,4,0.05,374,1,2,0,0
11,18,0.2,94,0,7,1,1
10,15,0.12,300,1,1,0,0
15,15,0.39,249,0,7,1,1
7,14,0.21,157,0,9,1,1
15,15,0.2,379,0,9,0,1
11,17,0.23,343,0,5,0,1
8,0,0.19,572,0,7,1,0
1,13,0.13,242,1,3,1,0
6,12,0.01,590,1,8,1,0
5,17,0.12,187,0,3,1,0
4,23,0.44,386,0,8,1,1
6,3,0.0,364,0,8,0,0
15,19,0.37,356,0,10,0,1
3,20,0.14,267,0,3,0,1
2,11,0.06,566,0,8,1,0
6,19,0.35,286,0,7,0,1
6,5,0.4,386,0,3,0,1
3,16,0.03,263,1,8,1,0
3,12,0.13,290,1,6,0,0
3,14,0.12,498,0,3,0,0
5,23,0.14,329,0,4,1,1
17,8,0.19,305,0,10,1,1
9,12,0.12,456,1,7,0,0
4,18,0.02,237,1,1,0,0
8,16,0.34,316,0,8,1,1
9,12,0.08,598,0,8,0,0
7,10,0.21,285,0,11,0,1
0,15,0.03,493,1,6,1,0
17,20,0.16,344,0,2,0,1
11,12,0.29,141,0,9,1,1
1,18,0.02,656,1,8,0,0
7,17,0.04,535,0,3,1,0
0,14,0.05,189,1,1,0,0
14,24,0.32,139,0,11,0,1
3,1,0.11,645,1,8,0,0
12,14,0.3,318,0,12,0,1
16,6,0.45,390,0,4,0,1
13,12,0.37,256,0,9,0,1
4,13,0.08,177,0,6,1,0
5,14,0.19,435,0,1,1,0
5,2,0.16,507,0,6,0,0
13,14,0.22,350,0,4,1,1
10,1,0.01,570,0,1,0,0
3,18,0.17,122,0,12,1,1
11,7,0.33,183,0,3,1,1
10,5,0.01,412,0,6,0,0
0,6,0.1,235,0,8,1,0
13,8,0.45,271,0,4,1,1
15,7,0.36,107,0,3,1,1
12,9,0.23,123,0,12,0,1
3,24,0.33,280,0,7,0,1
2,13,0.12,553,0,1,0,0
6,23,0.36,234,0,8,1,1
3,8,0.13,354,1,0,1,0
9,17,0.2,82,0,5,1,1
10,20,0.32,91,0,10,0,1
5,4,0.08,682,1,5,0,0
1,0,0.12,114,1,3,0,0
6,16,0.06,613,1,6,1,0
7,13,0.13,95,0,10,0,1
2,17,0.07,700,0,4,1,0
3,1,0.05,544,0,7,0,0
8,8,0.1,125,0,2,0,1
14,21,0.28,187,0,4,1,1
11,8,0.37,70,0,7,1,1
5,13,0.35,350,0,12,0,1
14,6,0.27,345,0,4,1,1
6,23,0.34,114,0,5,0,1
3,12,0.12,241,0,8,0,1
4,22,0.38,390,0,8,0,1
16,15,0.19,94,0,11,1,1
4,10,0.18,319,0,2,1,1
17,14,0.37,214,0,7,0,1
0,11,0.04,677,1,3,1,0
18,11,0.36,334,0,5,0,1
16,5,0.18,232,0,12,0,1
0,12,0.17,414,0,3,0,0
4,9,0.35,102,0,2,0,1
8,13,0.14,481,1,1,0,0
10,12,0.01,681,0,6,0,0
11,15,0.42,256,0,7,1,1
10,7,0.43,124,0,11,0,1
8,19,0.26,263,0,3,1,1
3,14,0.06,371,0,1,0,0
4,1,0.04,435,0,1,0,0
6,16,0.01,406,1,2,0,0
7,17,0.15,355,0,7,0,0
2,3,0.0,327,0,3,1,0
5,23,0.31,93,0,2,0,1
17,9,0.13,224,0,3,0,1
0,5,0.18,543,1,7,0,0
16,10,0.22,150,0,6,1,1
7,6,0.31,370,0,5,1,1
18,6,0.13,251,0,4,1,1
10,25,0.45,333,0,2,1,1
5,15,0.11,596,1,8,1,0
8,5,0.21,167,0,2,1,1
18,21,0.23,354,0,5,0,1
10,13,0.29,83,0,5,1,1
8,10,0.18,217,0,7,0,1
5,18,0.11,676,0,7,1,0
4,7,0.12,363,0,5,0,1
0,10,0.18,306,0,5,0,0
5,1,0.0,700,0,1,1,0
5,12,0.12,444,1,5,0,0
6,15,0.13,278,1,3,0,0
12,9,0.16,55,0,11,1,1
9,1,0.04,425,0,1,1,0
5,12,0.22,218,0,4,0,1
10,10,0.09,371,0,3,0,0
6,5,0.12,279,0,8,0,1
7,12,0.07,484,0,7,0,0
5,6,0.2,218,0,6,0,1
8,17,0.16,93,0,10,0,1
18,5,0.25,389,0,4,1,1
6,15,0.17,152,0,8,1,1
4,7,0.02,502,1,2,0,0
16,7,0.2,393,0,12,1,1
3,11,0.16,204,0,3,1,1
4,12,0.09,371,0,8,1,0
15,16,0.17,77,0,6,1,1
10,13,0.3,132,0,12,0,1
14,22,0.24,356,0,5,0,1
8,13,0.19,586,0,7,1,0
4,21,0.3,319,0,11,0,1
17,10,0.43,140,0,5,0,1
16,7,0.45,277,0,5,0,1
4,10,0.18,168,0,6,1,0
4,16,0.09,112,1,1,1,0
6,8,0.3,106,0,6,1,1
4,12,0.13,685,1,0,0,0
7,24,0.31,260,0,2,1,1
5,7,0.01,586,1,5,0,0
12,14,0.2,306,0,12,0,1
3,4,0.06,553,1,4,1,0
1,6,0.09,516,1,8,1,0
8,5,0.01,618,1,2,0,0
9,6,0.19,288,0,2,1,1
4,11,0.16,617,1,1,0,0
18,24,0.26,297,0,11,1,1
11,7,0.2,252,0,2,0,1
3,7,0.13,311,1,6,0,0
10,0,0.09,235,0,0,0,0
12,25,0.2,247,0,7,1,1
17,14,0.34,374,0,8,0,1
14,22,0.33,366,0,6,1,1
7,2,0.07,383,1,4,1,0
10,9,0.04,629,0,0,1,0
10,4,0.14,609,1,4,1,0
4,23,0.35,347,0,5,1,1
3,17,0.13,587,1,8,1,0
10,17,0.04,199,1,2,1,0
8,5,0.19,443,0,3,1,0
12,18,0.38,224,0,7,1,1
7,3,0.09,697,0,7,0,0
10,12,0.11,523,0,2,0,0
5,13,0.2,568,0,5,0,0
7,10,0.13,281,1,0,0,0
9,10,0.3,136,0,9,0,1
16,25,0.25,274,0,9,1,1
9,16,0.43,219,0,10,0,1
3,25,0.36,170,0,7,1,1
15,21,0.31,140,0,3,0,1
12,19,0.35,360,0,10,1,1
7,15,0.45,305,0,7,0,1
15,5,0.18,122,0,5,0,1
2,3,0.07,138,1,4,0,0
0,3,0.13,120,0,1,1,0
6,22,0.19,133,0,5,0,1
6,21,0.19,365,0,4,1,1
1,16,0.14,220,1,1,0,0
9,13,0.39,158,0,7,1,1
4,22,0.27,161,0,9,1,1
3,7,0.42,348,0,12,1,1
5,21,0.13,106,0,6,0,1
12,13,0.26,106,0,4,0,1
5,10,0.09,218,0,0,0,0
10,5,0.07,548,1,1,1,0
2,3,0.08,567,1,6,1,0
10,5,0.02,160,0,1,1,0
7,18,0.14,285,1,5,0,0
2,15,0.18,215,1,7,0,0
13,5,0.35,323,0,11,0,1
10,10,0.1,197,1,3,1,0
15,9,0.39,340,0,11,0,1
8,21,0.4,308,0,4,0,1
5,7,0.07,384,0,8,0,0
6,12,0.16,180,1,7,1,0
18,19,0.21,309,0,12,0,1
16,6,0.29,55,0,3,1,1
8,6,0.13,567,1,5,0,0
7,10,0.11,584,1,7,0,0
10,5,0.22,379,0,6,1,1
0,5,0.1,519,0,4,0,0
15,11,0.26,152,0,7,0,1
0,18,0.02,561,1,8,0,0
0,16,0.15,666,1,7,0,0
2,4,0.02,429,1,6,0,0
13,14,0.26,123,0,4,1,1
8,9,0.17,660,1,8,0,0
12,16,0.42,122,0,12,0,1
10,10,0.14,460,1,6,1,0
6,0,0.1,125,1,2,0,0
3,8,0.15,264,1,4,0,0
4,6,0.15,133,1,7,0,0
10,17,0.17,674,1,3,1,0
0,12,0.08,420,0,0,1,0
17,12,0.42,386,0,7,0,1
3,9,0.09,176,0,2,0,0
16,13,0.29,121,0,4,1,1
17,9,0.11,220,0,11,0,1
10,9,0.1,686,1,1,1,0
2,16,0.01,617,0,6,1,0
10,11,0.33,224,0,7,1,1
18,22,0.39,387,0,2,0,1
7,7,0.18,349,0,5,1,0
1,12,0.05,389,0,8,1,0
8,14,0.1,403,0,5,0,0
2,17,0.11,167,0,3,1,0
3,17,0.17,545,0,2,0,0
13,6,0.13,82,0,4,1,1
9,7,0.18,517,1,7,1,0
3,17,0.34,328,0,2,0,1
9,1,0.14,174,1,8,0,0
12,24,0.13,279,0,8,1,1
0,15,0.03,325,0,6,1,0
2,9,0.14,482,0,8,0,0
3,23,0.31,330,0,10,0,1
14,11,0.24,385,0,10,0,1
10,24,0.39,154,0,3,0,1
9,1,0.17,662,1,8,0,0
5,13,0.13,352,0,9,1,1
10,8,0.2,90,0,5,1,1
13,24,0.33,354,0,4,1,1
6,5,0.0,352,0,6,1,0
2,10,0.18,573,1,5,1,0
6,10,0.33,96,0,6,0,1
3,8,0.15,178,0,0,0,0
9,12,0.15,317,0,8,1,0
8,15,0.13,252,1,6,0,0
9,9,0.03,613,0,6,1,0
10,7,0.17,269,0,7,0,0
7,20,0.43,75,0,5,1,1
11,16,0.18,397,0,5,1,1
17,6,0.11,387,0,7,0,1
8,8,0.17,369,0,6,1,0
5,21,0.19,169,0,10,1,1
14,20,0.38,364,0,2,0,1
10,7,0.28,198,0,5,0,1
14,24,0.35,115,0,12,0,1
13,8,0.27,300,0,9,0,1
10,13,0.0,144,0,2,0,0
0,18,0.03,270,1,2,1,0
9,0,0.18,390,0,3,1,0
7,15,0.03,520,0,2,1,0
13,19,0.31,90,0,5,1,1
6,5,0.17,313,0,12,1,1
9,3,0.04,139,0,1,1,0
9,17,0.17,541,1,5,0,0
6,7,0.19,593,1,5,0,0
11,20,0.37,97,0,6,1,1
3,5,0.3,115,0,10,0,1
9,15,0.24,109,0,4,1,1
4,8,0.17,533,1,4,1,0
6,17,0.16,594,0,5,1,0
12,23,0.22,258,0,4,0,1
7,5,0.02,620,1,5,0,0
3,7,0.39,296,0,11,1,1
11,12,0.23,366,0,2,1,1
6,16,0.06,158,0,7,1,0
12,11,0.11,361,0,10,0,1
10,1,0.07,100,0,1,1,0
5,12,0.08,305,0,1,0,0
8,18,0.07,383,0,3,1,0
9,0,0.05,516,0,8,0,0
5,3,0.16,363,1,7,1,0
3,10,0.19,569,1,0,1,0
5,17,0.32,167,0,12,0,1
6,11,0.1,109,1,3,1,0
13,7,0.29,146,0,9,1,1
11,10,0.43,152,0,9,0,1
10,13,0.17,158,0,5,1,1
6,8,0.42,394,0,9,0,1
8,1,0.17,480,1,7,1,0
11,17,0.18,350,0,4,0,1
6,15,0.19,133,1,6,0,0
6,21,0.26,59,0,2,0,1
6,15,0.23,187,0,4,1,1
18,24,0.22,149,0,9,1,1
14,16,0.4,198,0,9,0,1
9,7,0.16,376,0,8,1,0
3,4,0.16,253,1,0,0,0
7,25,0.28,216,0,9,1,1
4,17,0.13,138,0,2,0,1
7,3,0.09,442,1,5,1,0
4,11,0.0,224,1,3,0,0
4,11,0.07,622,1,7,0,0
12,19,0.32,129,0,4,1,1
15,7,0.13,230,0,5,1,1
12,13,0.31,257,0,6,1,1
5,18,0.1,561,1,2,0,0
2,7,0.13,181,0,2,1,0
5,20,0.29,68,0,8,0,1
7,7,0.33,254,0,6,0,1
12,19,0.32,122,0,10,0,1
14,15,0.4,294,0,10,1,1
2,17,0.04,567,1,8,1,0
7,17,0.05,191,1,4,1,0
7,14,0.1,322,0,4,1,1
3,20,0.43,299,0,6,0,1
4,7,0.16,661,1,3,1,0
6,12,0.05,499,1,3,1,0
10,21,0.37,368,0,12,1,1
11,18,0.17,90,0,4,0,1
17,24,0.26,373,0,9,0,1
7,6,0.44,66,0,4,0,1
7,19,0.35,174,0,3,0,1
9,15,0.25,310,0,7,1,1
0,10,0.02,249,0,4,1,0
18,10,0.17,183,0,8,0,1
10,17,0.37,281,0,5,0,1
6,21,0.33,161,0,9,1,1
4,10,0.03,143,0,4,1,0
3,11,0.18,323,0,3,1,0
8,13,0.3,257,0,5,0,1
9,15,0.14,258,1,1,0,0
5,24,0.22,375,0,2,0,1
7,22,0.38,119,0,9,0,1
14,19,0.36,65,0,8,1,1
4,1,0.1,548,1,8,1,0
8,22,0.22,294,0,6,0,1
7,19,0.2,189,0,10,1,1
15,10,0.41,372,0,7,0,1
5,22,0.39,152,0,10,1,1
2,9,0.06,429,0,1,0,0
7,10,0.41,158,0,3,1,1
4,23,0.32,253,0,12,1,1
9,8,0.01,326,0,0,0,0
1,14,0.16,162,1,8,1,0
0,8,0.11,172,1,1,0,0
1,3,0.15,644,1,3,0,0
3,18,0.13,283,1,1,1,0
10,13,0.18,270,0,8,1,0
10,5,0.11,553,1,5,1,0
6,13,0.17,431,0,8,0,0
11,16,0.44,284,0,8,0,1
4,0,0.1,409,0,4,0,0
13,5,0.37,196,0,10,0,1
17,16,0.15,190,0,7,0,1
12,7,0.3,346,0,5,0,1
7,5,0.1,690,0,4,0,0
9,12,0.02,157,1,5,1,0
6,12,0.36,363,0,2,1,1
4,15,0.29,131,0,7,0,1
15,19,0.36,349,0,10,0,1
12,17,0.15,227,0,3,1,1
0,17,0.08,187,1,8,1,0
2,4,0.1,302,1,6,0,0
8,7,0.05,372,1,5,0,0
16,18,0.23,152,0,7,1,1
0,9,0.03,458,1,2,1,0
10,11,0.34,134,0,3,0,1
3,4,0.17,394,0,5,0,0
18,5,0.22,330,0,5,0,1
4,17,0.1,244,0,6,0,0
4,14,0.17,371,0,6,0,1
3,7,0.24,193,0,12,1,1
0,9,0.17,495,0,6,0,0
7,17,0.02,303,1,8,0,0
12,15,0.27,135,0,2,1,1
5,9,0.05,613,1,0,1,0
0,17,0.19,330,0,5,1,0
1,12,0.1,332,1,3,0,0
12,24,0.22,332,0,4,0,1
9,17,0.14,307,0,4,0,0
7,25,0.43,135,0,7,0,1
1,5,0.06,249,0,5,1,0
4,14,0.15,380,0,3,0,0
3,24,0.32,365,0,11,0,1
3,0,0.07,588,0,8,1,0
5,5,0.17,603,1,2,0,0
4,18,0.37,62,0,6,1,1
9,11,0.12,279,0,11,1,1
7,7,0.09,142,1,5,1,0
9,17,0.11,139,0,7,1,0
0,7,0.1,505,0,8,1,0
10,1,0.04,550,1,4,1,0
16,14,0.31,82,0,10,0,1
17,7,0.35,112,0,4,0,1
13,19,0.11,287,0,11,0,1
1,8,0.06,267,0,1,0,0
10,11,0.02,493,0,6,1,0
8,15,0.3,392,0,4,0,1
2,1,0.08,416,1,4,0,0
7,11,0.1,184,0,2,1,1
18,22,0.38,366,0,9,0,1
18,19,0.24,95,0,11,0,1
11,24,0.32,161,0,2,0,1
14,6,0.15,71,0,12,1,1
5,6,0.14,146,0,4,1,1
9,18,0.16,281,1,5,0,0
12,15,0.23,249,0,3,1,1
1,9,0.09,224,1,5,1,0
3,1,0.02,641,0,7,1,0
13,13,0.28,374,0,7,0,1
7,16,0.15,609,1,2,0,0
3,0,0.02,576,0,3,1,0
13,16,0.3,381,0,5,0,1
4,8,0.16,415,1,8,1,0
1,10,0.07,682,0,2,0,0
13,20,0.42,73,0,12,0,1
17,22,0.41,291,0,8,0,1
4,18,0.14,423,0,3,1,0
5,2,0.19,387,0,5,1,0
2,18,0.12,291,0,4,1,0
4,13,0.02,343,1,7,1,0
12,10,0.14,74,0,5,0,1
3,20,0.42,133,0,5,1,1
8,9,0.16,246,0,8,0,0
4,19,0.24,322,0,3,0,1
4,24,0.41,225,0,9,0,1
12,5,0.3,214,0,12,0,1
9,14,0.2,218,0,9,0,1
8,13,0.14,373,0,10,0,1
14,22,0.21,127,0,6,0,1
12,24,0.41,331,0,9,0,1
18,6,0.14,82,0,3,1,1
17,24,0.22,225,0,5,0,1
7,18,0.03,579,0,7,1,0
7,15,0.05,329,0,4,1,0
13,15,0.26,70,0,3,1,1
18,19,0.4,199,0,7,0,1
6,3,0.07,172,1,8,1,0
16,12,0.32,335,0,4,1,1
13,11,0.38,357,0,8,1,1
5,17,0.14,277,0,7,0,0
7,10,0.11,555,0,4,1,0
6,24,0.37,249,0,7,1,1
0,2,0.04,242,0,2,0,0
12,17,0.32,283,0,5,0,1
5,9,0.11,411,1,5,0,0
9,16,0.08,230,1,0,1,0
0,0,0.14,467,0,4,0,0
15,25,0.21,250,0,8,1,1
9,10,0.27,151,0,10,1,1
5,13,0.03,228,0,0,0,0
2,15,0.13,239,0,2,1,0
9,13,0.12,565,1,8,1,0
10,10,0.25,58,0,11,1,1
3,16,0.05,659,1,0,0,0
5,3,0.12,181,0,8,1,0
5,21,0.41,100,0,5,1,1
10,2,0.14,652,1,0,1,0
0,15,0.09,580,1,6,1,0
4,9,0.03,411,1,0,1,0
9,1,0.13,398,0,4,1,0
5,13,0.19,370,0,6,1,1
0,3,0.12,254,1,5,0,0
10,20,0.16,325,0,2,1,1
2,4,0.17,522,1,3,1,0
2,6,0.12,453,0,4,0,0
17,17,0.27,298,0,10,0,1
15,20,0.19,326,0,8,0,1
17,17,0.34,326,0,12,0,1
14,18,0.31,388,0,6,1,1
6,13,0.33,255,0,9,0,1
9,6,0.1,284,1,8,0,0
1,0,0.08,637,0,7,1,0
12,13,0.17,67,0,11,0,1
9,24,0.32,116,0,3,0,1
8,8,0.34,184,0,6,1,1
1,14,0.18,383,1,5,1,0
5,13,0.37,250,0,8,1,1
4,8,0.04,171,1,3,1,0
18,8,0.15,275,0,5,0,1
4,3,0.01,172,1,7,0,0
2,0,0.19,499,1,2,1,0
9,0,0.1,602,1,6,1,0
1,17,0.05,493,1,1,1,0
12,17,0.12,386,0,3,1,1
5,2,0.17,396,0,2,0,0
10,6,0.06,499,0,5,1,0
17,11,0.15,153,0,2,0,1
5,22,0.33,310,0,10,1,1
0,1,0.07,445,0,6,0,0
17,22,0.15,351,0,5,0,1
7,20,0.33,296,0,11,0,1
7,5,0.16,80,0,6,0,1
8,23,0.12,109,0,3,1,1
9,7,0.01,307,1,5,1,0
7,15,0.39,164,0,2,0,1
6,13,0.15,267,0,4,1,1
7,7,0.19,141,0,1,1,0
0,15,0.02,107,0,1,1,0
18,9,0.17,382,0,6,1,1
8,24,0.34,360,0,4,1,1
1,9,0.07,104,0,3,0,0
1,11,0.17,652,0,7,0,0
9,8,0.38,297,0,9,0,1
4,6,0.33,200,0,5,1,1
17,6,0.14,81,0,10,0,1
3,20,0.28,91,0,5,1,1
5,13,0.04,433,0,1,1,0
10,18,0.4,247,0,5,0,1
18,6,0.41,129,0,5,1,1
14,9,0.26,154,0,12,1,1
3,10,0.03,682,0,4,0,0
17,19,0.25,230,0,5,1,1
10,5,0.12,666,0,1,1,0
7,6,0.12,573,1,0,1,0
3,7,0.07,693,0,2,0,0
4,6,0.45,313,0,2,1,1
7,3,0.09,346,0,8,0,0
6,6,0.03,402,0,1,0,0
12,10,0.35,347,0,11,0,1
7,4,0.17,515,0,5,1,0
0,2,0.08,440,0,4,1,0
9,17,0.12,312,0,5,0,0
10,11,0.18,213,1,5,1,0
5,11,0.04,672,0,8,0,0
13,12,0.29,387,0,9,0,1
3,10,0.07,373,1,4,0,0
14,19,0.27,324,0,3,1,1
10,17,0.18,562,1,1,0,0
7,2,0.02,283,1,1,0,0
6,9,0.27,159,0,10,0,1
7,20,0.22,282,0,12,0,1
5,5,0.41,173,0,10,1,1
13,25,0.33,222,0,9,1,1
7,14,0.16,188,0,5,1,1
12,6,0.15,200,0,9,0,1
2,17,0.06,279,0,2,0,0
13,23,0.14,188,0,7,0,1
4,15,0.44,130,0,7,1,1
2,17,0.06,125,1,7,0,0
5,4,0.0,659,1,4,1,0
9,4,0.16,552,1,1,1,0
2,17,0.02,125,1,3,1,0
13,6,0.31,154,0,11,0,1
4,6,0.0,651,1,1,1,0
13,24,0.31,83,0,12,1,1
16,16,0.24,61,0,6,1,1
17,22,0.13,282,0,8,1,1
16,18,0.15,355,0,11,0,1
12,20,0.45,323,0,7,0,1
9,12,0.02,519,1,6,0,0
9,4,0.04,490,1,8,1,0
12,23,0.21,341,0,9,0,1
3,9,0.19,382,0,12,1,1
12,18,0.16,385,0,5,0,1
11,20,0.45,89,0,11,1,1
9,13,0.17,587,0,5,0,0
2,18,0.01,427,1,2,1,0
11,16,0.25,237,0,2,1,1
5,21,0.17,376,0,4,0,1
2,17,0.06,423,1,4,1,0
14,9,0.1,320,0,6,1,1
6,10,0.18,266,0,3,0,0
3,17,0.12,638,0,6,1,0
1,4,0.18,591,1,4,1,0
17,24,0.28,230,0,4,1,1
6,12,0.15,127,0,5,1,1
7,7,0.25,112,0,3,0,1
6,1,0.04,133,0,7,0,0
0,2,0.06,110,0,1,0,0
3,5,0.13,129,0,2,1,0
5,11,0.03,612,0,8,0,0
3,21,0.18,153,0,6,0,1
8,0,0.19,201,0,8,1,0
8,19,0.34,109,0,4,1,1
6,6,0.1,517,0,5,0,0
7,20,0.37,202,0,10,0,1
18,8,0.23,288,0,11,1,1
7,7,0.11,397,1,3,0,0
7,11,0.04,603,0,6,1,0
10,2,0.02,504,1,1,0,0
9,15,0.17,261,0,3,0,1
7,8,0.15,695,1,6,1,0
15,20,0.28,130,0,9,0,1
18,20,0.18,123,0,2,0,1
1,15,0.14,283,1,5,0,0
6,7,0.33,321,0,9,1,1
18,20,0.28,332,0,7,0,1
0,13,0.18,221,1,7,1,0
7,14,0.01,281,1,2,1,0
12,17,0.27,111,0,11,1,1
10,17,0.11,587,0,8,0,0
18,23,0.44,370,0,12,1,1
4,10,0.01,146,0,5,1,0
9,0,0.15,449,1,1,1,0
14,18,0.22,393,0,5,0,1
12,23,0.13,88,0,6,0,1
3,22,0.21,290,0,12,1,1
6,8,0.0,580,0,5,1,0
5,18,0.02,600,0,3,1,0
13,10,0.32,241,0,8,0,1
5,22,0.17,190,0,2,1,1
6,7,0.12,194,0,5,1,0
18,18,0.17,94,0,12,1,1
4,13,0.13,420,0,6,1,0
17,22,0.16,64,0,12,0,1
3,14,0.05,645,1,0,0,0
7,12,0.15,208,0,8,1,1
5,25,0.17,266,0,6,1,1
4,7,0.08,216,0,3,0,0
12,19,0.27,278,0,8,0,1
11,9,0.11,197,0,12,0,1
0,15,0.16,156,0,5,1,0
6,11,0.13,192,1,2,0,0
6,21,0.33,352,0,10,1,1
5,12,0.31,215,0,7,1,1
3,13,0.04,209,0,3,1,0
11,23,0.12,328,0,7,0,1
16,20,0.34,197,0,4,1,1
14,14,0.11,365,0,2,0,1
10,7,0.05,493,1,5,0,0
3,14,0.08,502,1,4,0,0
3,9,0.04,264,1,5,1,0
4,2,0.16,603,1,6,1,0
1,5,0.14,618,0,5,1,0
8,10,0.09,128,0,2,1,0
2,0,0.08,412,1,1,0,0
7,24,0.34,218,0,9,1,1
2,8,0.03,435,1,3,0,0
8,17,0.41,347,0,5,0,1
8,7,0.18,573,0,4,0,0
16,24,0.19,100,0,7,0,1
1,0,0.14,545,1,7,0,0
9,11,0.43,191,0,6,1,1
16,11,0.31,199,0,12,0,1
16,9,0.11,189,0,5,1,1
5,18,0.14,569,0,0,1,0
13,17,0.34,251,0,8,1,1
4,6,0.22,175,0,9,1,1
10,1,0.0,616,1,4,1,0
2,17,0.01,283,1,2,1,0
7,4,0.02,643,1,2,1,0
4,9,0.27,198,0,7,1,1
11,24,0.39,190,0,10,1,1
8,15,0.36,306,0,4,1,1
7,6,0.18,73,0,9,1,1
17,18,0.14,308,0,2,1,1
18,19,0.27,130,0,3,1,1
12,10,0.39,315,0,6,0,1
0,16,0.15,284,1,1,0,0
10,3,0.18,126,1,1,1,0
6,15,0.15,96,0,9,1,1
11,24,0.33,223,0,2,1,1
7,11,0.4,384,0,6,1,1
1,17,0.19,490,0,6,1,0
15,7,0.11,161,0,4,1,1
4,4,0.02,602,1,4,0,0
6,16,0.28,305,0,9,1,1
16,7,0.36,243,0,11,0,1
16,7,0.11,229,0,9,0,1
2,15,0.11,637,0,4,1,0
18,14,0.15,120,0,12,1,1
8,13,0.06,148,0,0,0,0
6,3,0.09,682,1,5,1,0
8,0,0.02,573,0,2,1,0
16,14,0.21,287,0,12,1,1
4,10,0.19,291,0,2,0,0
9,8,0.17,208,1,8,0,0
6,5,0.16,299,0,9,1,1
9,15,0.06,469,1,4,0,0
3,11,0.14,63,0,5,0,1
7,25,0.18,375,0,10,0,1
17,9,0.27,66,0,3,0,1
7,15,0.09,560,0,3,1,0
6,1,0.07,205,1,6,1,0
9,17,0.2,137,1,6,1,0
9,15,0.05,162,0,6,1,0
4,13,0.18,219,1,5,1,0
0,5,0.06,296,1,5,1,0
10,23,0.42,228,0,11,1,1
12,17,0.44,399,0,12,1,1
2,6,0.06,188,1,2,0,0
18,8,0.38,307,0,6,0,1
4,5,0.23,188,0,7,0,1
4,7,0.22,113,0,11,0,1
10,20,0.19,229,0,7,0,1
8,8,0.18,627,0,0,1,0
1,3,0.16,204,0,8,0,0
6,11,0.42,135,0,6,1,1
7,3,0.03,472,1,2,0,0
7,13,0.15,106,0,7,1,0
8,7,0.19,267,0,7,0,1
16,12,0.15,274,0,8,1,1
8,11,0.19,553,0,0,0,0
13,17,0.44,139,0,8,0,1
4,25,0.15,349,0,2,1,1
12,15,0.42,59,0,6,0,1
7,6,0.18,552,1,6,0,0
1,1,0.11,499,0,8,1,0
12,21,0.22,380,0,4,0,1
11,12,0.39,210,0,8,0,1
5,8,0.13,462,0,0,0,0
3,19,0.22,175,0,11,0,1
12,23,0.34,248,0,10,0,1
9,16,0.26,130,0,8,1,1
4,18,0.41,298,0,5,1,1
15,23,0.3,257,0,6,1,1
7,15,0.15,526,0,2,0,0
17,9,0.44,317,0,10,0,1
7,15,0.01,260,1,1,1,0
14,23,0.2,322,0,4,0,1
14,14,0.2,69,0,4,0,1
6,1,0.19,412,1,3,0,0
7,0,0.02,457,0,0,1,0
12,23,0.26,227,0,8,1,1
9,4,0.15,616,1,7,1,0
13,7,0.38,395,0,11,1,1
15,15,0.29,398,0,9,1,1
2,0,0.11,416,0,8,0,0
4,23,0.28,298,0,10,0,1
8,5,0.2,160,0,5,1,1
13,17,0.31,306,0,2,1,1
16,5,0.4,217,0,8,1,1
6,22,0.16,128,0,4,1,1
2,9,0.19,273,0,5,0,0
4,14,0.24,218,0,4,1,1
4,12,0.19,223,0,3,0,0
9,7,0.1,616,1,1,1,0
17,22,0.24,302,0,2,1,1
0,8,0.11,700,0,3,0,0
16,19,0.13,380,0,10,0,1
2,11,0.11,272,0,8,1,0
8,14,0.01,575,1,2,0,0
18,13,0.31,249,0,7,0,1
8,9,0.01,646,0,4,0,0
6,9,0.35,198,0,8,0,1
5,10,0.13,563,1,3,1,0
17,24,0.21,123,0,12,0,1
0,0,0.13,523,1,6,0,0
10,2,0.11,555,0,5,1,0
5,12,0.04,108,0,7,1,0
7,0,0.04,120,1,5,0,0
12,12,0.18,307,0,7,0,1
9,5,0.17,381,0,8,0,1
9,16,0.1,665,0,2,0,0
1,4,0.05,683,0,8,1,0
3,22,0.32,341,0,9,0,1
10,1,0.17,430,1,6,1,0
17,20,0.23,77,0,5,0,1
16,22,0.26,57,0,8,0,1
3,12,0.44,271,0,3,0,1
13,14,0.12,375,0,3,0,1
3,23,0.38,226,0,6,0,1
10,15,0.39,225,0,10,0,1
9,14,0.15,557,0,1,0,0
6,10,0.18,166,0,0,1,0
16,7,0.14,83,0,10,0,1
15,17,0.13,265,0,5,0,1
17,18,0.41,372,0,3,1,1
10,0,0.09,436,0,1,0,0
5,23,0.38,154,0,11,0,1
4,11,0.08,555,0,3,0,0
0,4,0.06,546,1,4,0,0
12,24,0.22,243,0,2,0,1
4,18,0.22,157,0,12,0,1
5,6,0.13,578,1,5,1,0
8,8,0.26,76,0,9,0,1
10,7,0.14,577,0,3,1,0
5,12,0.04,288,0,5,0,0
3,22,0.14,203,0,9,0,1
5,1,0.2,303,0,4,0,0
11,10,0.22,338,0,5,0,1
8,13,0.42,65,0,12,0,1
6,15,0.43,211,0,9,0,1
14,10,0.43,374,0,8,0,1
7,11,0.17,248,0,7,1,1
10,7,0.18,293,1,2,1,0
11,9,0.4,354,0,9,0,1
7,2,0.03,497,1,7,1,0
14,21,0.34,308,0,9,1,1
10,18,0.13,312,0,3,1,0
6,6,0.06,486,0,5,1,0
2,2,0.06,631,1,3,0,0
13,18,0.26,276,0,8,1,1
5,8,0.08,283,1,3,1,0
5,2,0.06,613,0,4,0,0
5,16,0.11,157,0,7,0,1
4,9,0.15,381,0,2,1,0
12,14,0.39,261,0,8,0,1
7,17,0.18,162,0,9,0,1
8,14,0.14,572,1,1,1,0
6,13,0.04,560,0,5,0,0
2,9,0.19,109,1,5,1,0
16,17,0.37,330,0,6,1,1
9,1,0.18,257,1,6,1,0
15,7,0.29,151,0,9,0,1
17,25,0.41,102,0,4,0,1
2,1,0.17,600,0,2,0,0
15,14,0.17,204,0,12,0,1
14,21,0.1,222,0,8,1,1
6,9,0.29,299,0,3,1,1
3,4,0.17,417,1,7,0,0
4,18,0.04,569,1,3,0,0
7,2,0.16,352,1,7,1,0
4,7,0.2,288,0,7,1,1
8,18,0.19,371,0,8,1,1
8,23,0.13,77,0,5,0,1
12,7,0.34,166,0,9,1,1
8,3,0.2,178,0,8,1,0
8,13,0.17,77,0,9,0,1
17,17,0.22,259,0,5,1,1
11,8,0.35,124,0,7,1,1
5,7,0.29,179,0,9,0,1
11,10,0.16,64,0,11,0,1
6,22,0.36,141,0,3,0,1
2,14,0.07,321,0,8,0,0
4,25,0.38,383,0,12,0,1
12,19,0.12,57,0,2,1,1
3,11,0.18,304,0,0,1,0
3,15,0.39,397,0,3,0,1
1,5,0.14,145,1,8,0,0
5,17,0.13,312,1,6,0,0
6,16,0.21,62,0,8,1,1
9,19,0.18,391,0,6,1,1
9,18,0.21,361,0,9,0,1
9,5,0.05,197,1,6,0,0
13,20,0.12,64,0,11,1,1
10,21,0.31,61,0,5,0,1
1,9,0.05,538,0,1,0,0
18,14,0.17,247,0,5,0,1
17,15,0.15,217,0,12,0,1
6,9,0.15,334,1,5,0,0
4,12,0.38,168,0,11,1,1
2,14,0.13,166,1,1,0,0
7,11,0.14,143,0,11,0,1
5,18,0.35,214,0,4,0,1
8,24,0.19,201,0,11,1,1
3,8,0.17,592,0,5,1,0
18,19,0.25,367,0,8,0,1
7,0,0.15,537,0,4,0,0
2,8,0.08,413,1,4,1,0
7,2,0.07,580,0,2,0,0
14,20,0.24,267,0,8,1,1
12,25,0.45,91,0,8,0,1
1,12,0.19,266,0,6,1,0
5,16,0.14,477,0,6,1,0
3,15,0.01,470,0,2,1,0
10,4,0.05,692,0,0,0,0
10,12,0.08,700,0,8,0,0
2,13,0.05,409,1,4,1,0
1,3,0.13,452,0,4,0,0
6,9,0.0,272,1,0,0,0
16,21,0.25,202,0,8,0,1
8,9,0.17,148,0,10,0,1
9,10,0.17,148,0,5,1,1
6,14,0.13,211,0,1,1,0
6,13,0.12,70,0,11,0,1
6,5,0.12,58,0,12,0,1
3,17,0.31,191,0,9,1,1
9,13,0.07,451,1,3,1,0
6,1,0.2,438,0,0,1,0
6,4,0.01,225,1,3,1,0
18,21,0.24,151,0,2,1,1
14,6,0.44,221,0,12,1,1
18,17,0.36,96,0,7,1,1
7,3,0.15,400,0,2,0,0
5,14,0.39,335,0,9,0,1
1,15,0.13,346,0,3,0,0
10,2,0.02,129,0,5,1,0
3,8,0.13,226,0,8,1,0
13,12,0.43,362,0,3,1,1
15,25,0.32,342,0,8,0,1
6,14,0.13,100,0,7,0,1
1,18,0.07,420,1,0,1,0
9,17,0.44,218,0,7,0,1
9,18,0.04,504,0,8,1,0
12,12,0.27,288,0,4,1,1
4,24,0.21,312,0,3,1,1
9,15,0.13,320,1,4,1,0
13,9,0.39,162,0,5,0,1
2,15,0.15,406,0,0,1,0
18,16,0.37,255,0,3,1,1
9,22,0.24,122,0,7,0,1
4,14,0.13,691,0,7,1,0
7,11,0.18,155,0,12,0,1
6,9,0.23,273,0,12,0,1
1,11,0.19,283,0,1,1,0
2,12,0.05,221,0,6,1,0
8,25,0.36,398,0,12,0,1
10,12,0.06,555,1,0,0,0
6,20,0.32,315,0,5,0,1
9,15,0.05,196,0,6,1,0
6,9,0.11,201,1,1,0,0
3,17,0.29,329,0,10,1,1
6,11,0.44,115,0,4,0,1
17,15,0.14,120,0,11,0,1
1,17,0.05,135,0,1,1,0
8,18,0.44,391,0,2,0,1
12,22,0.26,350,0,9,1,1
5,17,0.1,201,0,3,0,0
12,11,0.44,363,0,10,0,1
4,4,0.15,532,0,8,1,0
8,17,0.26,185,0,12,1,1
2,17,0.04,375,0,5,0,0
7,15,0.45,277,0,8,0,1
3,2,0.05,644,0,8,1,0
5,16,0.42,194,0,4,0,1
6,17,0.44,168,0,8,0,1
1,5,0.11,413,1,1,1,0
4,17,0.05,201,0,2,1,0
6,5,0.07,644,1,7,0,0
7,9,0.15,345,0,6,0,1
10,11,0.14,355,1,7,0,0
14,19,0.28,196,0,8,0,1
5,14,0.24,215,0,3,0,1
10,7,0.16,84,0,3,1,1
7,0,0.19,534,0,7,1,0
10,17,0.14,515,0,3,0,0
8,11,0.05,640,0,7,0,0
8,7,0.03,475,0,8,1,0
6,15,0.08,482,0,5,0,0
1,9,0.06,400,1,3,0,0
9,12,0.04,412,0,7,1,0
3,24,0.26,207,0,7,0,1
8,17,0.22,106,0,8,1,1
7,18,0.14,304,0,2,0,1
4,7,0.09,483,1,5,1,0
8,8,0.02,549,1,2,0,0
16,5,0.23,156,0,3,0,1
7,17,0.25,224,0,2,0,1
7,8,0.02,600,1,2,1,0
6,16,0.15,498,0,1,0,0
2,4,0.07,113,0,0,1,0
3,18,0.27,199,0,9,0,1
3,4,0.15,291,0,4,0,0
3,13,0.04,205,0,3,0,0
7,17,0.11,153,0,4,1,1
9,7,0.4,249,0,8,1,1
3,7,0.07,590,0,8,1,0
4,3,0.05,387,1,6,0,0
4,10,0.11,81,0,12,1,1
18,13,0.42,106,0,8,0,1
18,16,0.22,112,0,3,0,1
2,10,0.07,470,1,3,1,0
15,7,0.41,121,0,12,0,1
9,11,0.35,105,0,3,1,1
18,11,0.29,133,0,2,0,1
11,22,0.44,242,0,9,0,1
1,15,0.08,615,0,2,1,0
2,9,0.01,679,0,3,1,0
5,10,0.25,315,0,8,1,1
11,11,0.16,136,0,11,0,1
0,16,0.09,637,1,4,0,0
11,22,0.14,169,0,2,0,1
7,13,0.42,193,0,2,0,1
3,17,0.02,455,1,5,0,0
8,8,0.14,518,1,5,0,0
0,11,0.04,386,0,4,0,0
9,3,0.14,491,1,8,0,0
3,10,0.05,695,1,2,1,0
16,16,0.15,300,0,3,1,1
8,10,0.17,306,0,4,1,1
8,10,0.39,366,0,5,0,1
16,12,0.26,385,0,8,0,1
2,0,0.12,486,1,0,0,0
10,1,0.03,185,1,2,0,0
0,3,0.11,446,0,3,0,0
17,10,0.21,300,0,4,0,1
11,25,0.29,65,0,2,0,1
1,16,0.18,525,0,0,0,0
16,17,0.15,390,0,6,0,1
10,12,0.14,215,1,2,0,0
12,16,0.13,225,0,3,1,1
1,1,0.12,282,1,8,1,0
10,13,0.03,408,1,5,0,0
18,16,0.43,94,0,2,0,1
2,10,0.03,557,1,1,0,0
4,4,0.02,230,0,6,1,0
16,20,0.34,266,0,11,1,1
10,17,0.25,309,0,10,1,1
3,12,0.02,531,0,1,0,0
9,5,0.23,297,0,4,0,1
14,16,0.4,126,0,6,1,1
16,12,0.17,169,0,2,0,1
7,17,0.36,272,0,7,0,1
10,18,0.01,261,0,2,1,0
10,7,0.1,268,0,4,0,1
7,21,0.34,208,0,9,1,1
7,0,0.06,259,0,0,0,0
0,12,0.17,565,1,8,1,0
6,5,0.05,194,1,2,0,0
4,12,0.24,341,0,11,0,1
7,15,0.06,514,1,2,0,0
10,13,0.04,211,0,1,1,0
5,0,0.05,266,0,1,0,0
4,6,0.11,133,0,4,0,0
9,1,0.11,595,0,0,1,0
12,5,0.44,199,0,8,0,1
15,16,0.44,400,0,3,1,1
6,21,0.38,131,0,2,1,1
4,14,0.16,292,0,3,0,1
3,6,0.16,244,0,8,1,0
7,15,0.2,374,0,8,0,1
10,12,0.05,176,0,7,0,0
2,9,0.11,189,1,1,1,0
12,10,0.12,350,0,7,1,1
8,19,0.19,297,0,6,1,1
2,3,0.19,599,0,5,1,0
7,19,0.23,374,0,7,1,1
16,21,0.26,76,0,11,0,1
3,17,0.0,207,1,6,0,0
1,7,0.08,573,0,5,1,0
17,8,0.13,110,0,8,1,1
13,7,0.21,364,0,9,0,1
7,3,0.06,139,0,7,0,0
5,18,0.01,489,0,5,1,0
3,1,0.04,123,1,4,1,0
1,4,0.01,514,0,4,1,0
8,6,0.13,365,0,0,0,0
6,10,0.19,404,0,3,1,0
7,15,0.11,264,1,5,1,0
8,6,0.02,692,0,5,1,0
17,9,0.27,217,0,3,1,1
3,19,0.43,119,0,12,1,1
9,3,0.01,292,1,8,0,0
3,11,0.04,295,0,5,1,0
12,21,0.39,118,0,9,1,1
14,16,0.39,273,0,10,1,1
8,19,0.25,145,0,10,0,1
6,9,0.17,547,1,1,0,0
1,2,0.13,521,0,7,0,0
8,18,0.16,396,1,3,0,0
8,12,0.02,580,0,5,1,0
15,5,0.43,169,0,10,1,1
11,14,0.39,267,0,12,0,1
16,6,0.11,133,0,7,1,1
16,12,0.29,255,0,5,1,1
9,13,0.03,499,0,6,1,0
6,7,0.02,229,0,6,1,0
2,10,0.04,195,0,6,0,0
9,4,0.01,656,0,6,0,0
2,14,0.13,466,0,3,0,0
10,17,0.37,392,0,2,1,1
7,25,0.11,351,0,3,0,1
6,8,0.15,189,0,4,0,1
14,11,0.24,306,0,2,1,1
5,11,0.34,247,0,7,1,1
2,9,0.0,282,0,1,1,0
7,17,0.0,634,1,1,0,0
8,0,0.1,256,0,5,0,0
0,10,0.03,185,0,4,1,0
5,16,0.35,388,0,6,1,1
7,13,0.1,509,0,4,0,0
11,17,0.14,355,0,6,0,1
7,13,0.18,533,1,5,0,0
6,6,0.11,482,0,7,0,0
8,8,0.12,400,1,6,0,0
13,18,0.38,238,0,5,0,1
14,16,0.15,215,0,3,0,1
3,15,0.17,345,0,7,0,1
6,9,0.12,639,0,1,1,0
10,2,0.11,531,1,5,1,0
4,20,0.27,195,0,8,0,1
8,24,0.21,251,0,5,0,1
3,19,0.2,261,0,2,0,1
3,7,0.26,267,0,6,1,1
14,17,0.13,215,0,9,0,1
17,20,0.4,117,0,7,0,1
4,5,0.15,220,0,8,0,1
9,16,0.39,330,0,2,0,1
4,8,0.12,210,0,3,1,1
15,13,0.34,125,0,11,1,1
13,9,0.36,266,0,12,1,1
8,16,0.05,589,1,4,1,0
7,7,0.02,403,0,5,0,0
3,2,0.02,606,0,3,0,0
7,12,0.04,207,1,3,1,0
4,14,0.13,616,0,2,0,0
6,14,0.17,625,0,6,0,0
16,10,0.34,350,0,12,0,1
6,8,0.18,290,0,4,1,1
17,16,0.19,336,0,3,1,1
7,17,0.28,315,0,7,0,1
14,8,0.12,250,0,8,0,1
15,10,0.31,326,0,11,1,1
1,1,0.13,213,0,1,0,0
9,8,0.05,644,0,4,0,0
6,12,0.08,325,1,7,0,0
9,16,0.32,360,0,6,0,1
18,14,0.4,177,0,4,1,1
2,5,0.07,566,0,0,1,0
3,10,0.44,94,0,4,0,1
7,18,0.0,353,1,1,0,0
9,9,0.17,637,0,2,0,0
13,19,0.27,234,0,10,1,1
4,11,0.09,461,1,5,1,0
3,9,0.44,167,0,12,0,1
3,12,0.3,275,0,7,0,1
3,12,0.13,380,1,8,0,0
14,15,0.24,268,0,6,1,1
13,24,0.14,287,0,11,1,1
3,20,0.42,130,0,9,0,1
4,17,0.13,410,1,4,0,0
0,14,0.01,389,0,0,1,0
16,16,0.33,55,0,2,1,1
12,21,0.33,342,0,4,0,1
2,6,0.09,182,1,3,0,0
14,12,0.38,381,0,8,1,1
6,13,0.42,360,0,6,0,1
10,10,0.16,242,0,4,0,0
9,14,0.21,207,0,11,1,1
6,13,0.02,639,1,5,1,0
16,19,0.25,265,0,9,0,1
0,13,0.02,243,1,3,1,0
12,6,0.36,256,0,4,1,1
7,16,0.09,155,0,0,1,0
10,3,0.07,199,1,7,1,0
1,18,0.13,154,0,8,0,0
7,4,0.04,258,1,4,0,0
9,6,0.02,100,0,1,0,0
6,20,0.11,313,0,9,1,1
6,14,0.24,149,0,5,1,1
10,14,0.17,226,1,2,0,0
10,10,0.28,334,0,5,1,1
12,8,0.44,307,0,7,1,1
6,19,0.25,272,0,4,0,1
6,23,0.24,352,0,6,0,1
10,14,0.01,463,0,7,1,0
8,16,0.28,312,0,5,1,1
8,12,0.1,278,0,5,1,0
7,13,0.37,392,0,6,1,1
18,17,0.44,365,0,12,0,1
8,16,0.05,431,1,6,0,0
8,12,0.13,109,0,9,1,1
10,12,0.14,144,0,8,1,1
0,8,0.02,174,1,5,0,0
5,3,0.14,486,0,8,0,0
18,19,0.34,170,0,5,0,1
9,7,0.3,377,0,12,0,1
7,5,0.23,263,0,11,0,1
18,11,0.39,347,0,9,1,1
7,7,0.25,375,0,8,0,1
2,16,0.06,220,1,3,0,0
5,0,0.04,396,1,6,1,0
8,14,0.13,349,0,5,1,1
4,22,0.34,111,0,11,1,1
4,0,0.01,531,1,3,1,0
0,4,0.04,437,0,3,1,0
4,16,0.44,268,0,11,0,1
7,4,0.05,142,0,0,1,0
10,11,0.09,410,0,0,0,0
9,22,0.31,249,0,12,0,1
0,12,0.15,228,1,6,0,0
6,24,0.44,243,0,7,0,1
4,12,0.18,356,0,2,0,1
4,5,0.41,182,0,2,0,1
17,10,0.2,215,0,7,0,1
2,12,0.1,225,0,1,1,0
3,15,0.14,465,0,7,1,0
8,9,0.17,350,1,5,0,0
16,24,0.27,95,0,5,0,1
8,7,0.06,666,0,1,1,0
2,1,0.2,550,1,1,0,0
4,13,0.2,251,0,6,0,1
15,20,0.11,250,0,8,1,1
9,17,0.16,275,0,10,0,1
0,17,0.15,126,1,4,0,0
5,13,0.17,158,0,8,1,0
10,9,0.17,647,1,6,1,0
15,19,0.36,176,0,4,0,1
11,7,0.45,332,0,6,1,1
0,8,0.07,356,0,1,1,0
5,8,0.17,554,1,0,1,0
4,16,0.27,339,0,5,1,1
5,13,0.41,337,0,7,0,1
11,13,0.19,308,0,4,0,1
2,1,0.05,139,0,8,1,0
0,17,0.14,162,1,4,0,0
5,17,0.14,340,1,1,0,0
1,16,0.02,308,1,5,1,0
16,14,0.15,222,0,11,1,1
16,25,0.23,205,0,11,0,1
4,14,0.43,357,0,2,0,1
5,16,0.14,620,1,3,1,0
0,4,0.08,180,0,3,1,0
1,16,0.16,583,1,5,1,0
12,12,0.22,240,0,5,1,1
6,12,0.26,264,0,7,0,1
5,16,0.33,364,0,5,1,1
3,18,0.17,228,0,6,0,0
4,10,0.06,183,1,6,0,0
10,6,0.18,564,0,2,0,0
18,8,0.14,72,0,8,0,1
1,4,0.1,642,1,6,1,0
10,14,0.14,227,0,11,0,1
0,2,0.15,463,1,6,1,0
6,9,0.15,237,0,8,0,0
3,23,0.31,400,0,12,1,1
17,10,0.28,356,0,6,0,1
18,15,0.12,320,0,10,1,1
15,15,0.37,128,0,2,0,1
11,23,0.41,215,0,3,1,1
6,14,0.2,279,0,5,0,1
11,24,0.36,173,0,12,1,1
9,22,0.39,141,0,2,0,1
8,17,0.16,106,1,0,1,0
16,19,0.28,287,0,6,0,1
1,14,0.18,605,1,1,0,0
10,3,0.19,180,0,1,1,0
13,13,0.26,317,0,12,0,1
5,1,0.09,633,1,3,0,0
10,0,0.05,700,1,3,0,0
7,20,0.38,309,0,6,0,1
5,21,0.4,164,0,2,1,1
9,10,0.11,189,0,11,1,1
3,11,0.1,284,1,3,1,0
7,12,0.12,656,1,4,0,0
12,18,0.44,221,0,5,1,1
17,15,0.33,232,0,8,0,1
7,15,0.12,340,0,4,1,0
6,1,0.11,430,1,5,1,0
17,18,0.24,82,0,6,1,1
5,1,0.06,519,0,2,0,0
1,10,0.03,652,0,0,1,0
13,16,0.37,338,0,3,0,1
5,17,0.04,260,1,3,1,0
5,10,0.08,666,0,0,0,0
8,3,0.1,596,0,2,1,0
10,25,0.37,181,0,2,1,1
6,12,0.03,376,0,1,0,0
6,0,0.0,654,0,1,1,0
12,15,0.25,66,0,6,1,1
6,13,0.44,350,0,9,1,1
5,12,0.44,342,0,6,1,1
10,17,0.11,309,0,8,1,1
1,14,0.04,125,1,3,1,0
6,25,0.21,128,0,12,0,1
8,11,0.4,305,0,11,0,1
15,24,0.39,322,0,11,0,1
18,13,0.24,227,0,4,0,1
16,5,0.19,162,0,10,1,1
5,7,0.06,594,0,1,1,0
6,4,0.15,265,0,2,0,0
6,6,0.41,308,0,4,1,1
16,17,0.1,115,0,8,1,1
10,8,0.1,480,0,2,1,0
3,11,0.1,357,1,7,0,0
2,5,0.1,585,0,5,1,0
18,7,0.45,57,0,6,0,1
6,22,0.26,103,0,2,1,1
1,11,0.13,331,1,0,0,0
16,23,0.36,243,0,11,1,1
8,17,0.13,307,0,2,0,0
4,5,0.05,204,0,8,1,0
11,24,0.33,297,0,5,0,1
10,11,0.13,369,0,4,0,1
3,15,0.13,81,0,4,1,1
18,15,0.21,115,0,5,1,1
15,20,0.22,322,0,7,0,1
3,5,0.19,384,0,6,1,0
11,8,0.3,277,0,12,1,1
14,19,0.37,232,0,8,0,1
3,12,0.07,110,0,7,1,0
0,18,0.06,196,1,4,0,0
0,8,0.13,507,0,4,1,0
9,0,0.17,582,1,7,0,0
6,6,0.23,368,0,4,0,1
2,2,0.08,222,0,7,0,0
11,11,0.33,63,0,7,1,1
2,18,0.14,475,0,6,1,0
10,1,0.01,613,0,4,0,0
4,13,0.31,313,0,8,0,1
0,9,0.05,459,0,5,1,0
1,18,0.19,190,0,1,0,0
2,10,0.12,120,0,0,0,0
7,2,0.18,352,1,3,0,0
15,14,0.16,126,0,11,1,1
9,13,0.41,145,0,6,1,1
4,2,0.1,692,1,5,1,0
10,5,0.01,699,1,2,0,0
6,11,0.13,395,0,5,1,0
9,13,0.18,188,0,2,0,1
10,5,0.1,578,1,5,1,0
0,10,0.14,467,0,2,1,0
13,25,0.42,150,0,7,1,1
8,5,0.25,370,0,9,1,1
7,7,0.05,482,1,7,1,0
10,21,0.14,273,0,6,1,1
2,16,0.03,407,0,2,0,0
0,2,0.06,244,1,7,1,0
3,9,0.17,143,0,6,1,1
10,11,0.25,180,0,4,1,1
8,16,0.13,336,0,12,1,1
7,12,0.17,348,0,6,0,0
7,17,0.37,199,0,12,1,1
8,2,0.07,700,0,3,0,0
5,11,0.07,101,1,1,0,0
9,6,0.17,277,0,3,1,1
8,18,0.15,214,0,8,1,1
16,10,0.16,319,0,3,1,1
5,3,0.13,514,0,2,1,0
15,19,0.1,389,0,12,1,1
4,14,0.25,379,0,3,1,1
7,10,0.17,473,0,2,1,0
6,2,0.03,445,1,3,1,0
17,14,0.11,305,0,9,1,1
14,13,0.25,400,0,6,0,1
2,9,0.07,117,1,5,1,0
9,3,0.07,137,1,3,0,0
6,9,0.35,379,0,9,1,1
5,14,0.14,349,1,0,0,0
4,9,0.31,381,0,3,1,1
1,10,0.19,409,1,6,0,0
11,25,0.36,95,0,8,0,1
9,8,0.2,626,0,0,1,0
3,13,0.05,290,1,8,0,0
2,9,0.05,516,0,0,1,0
4,8,0.09,425,0,3,0,0
13,12,0.12,202,0,11,1,1
10,10,0.11,587,0,5,1,0
17,9,0.26,310,0,5,0,1
4,12,0.01,685,0,7,1,0
14,14,0.2,216,0,9,1,1
8,24,0.22,275,0,8,0,1
4,17,0.15,340,1,8,0,0
6,8,0.24,163,0,3,1,1
8,17,0.29,235,0,5,1,1
4,10,0.15,208,1,8,1,0
15,20,0.36,201,0,9,0,1
2,12,0.06,645,1,7,0,0
1,12,0.12,528,1,6,0,0
9,7,0.03,615,0,6,0,0
10,10,0.3,296,0,12,0,1
0,12,0.11,297,0,7,1,0
3,5,0.09,304,1,2,1,0
3,11,0.3,290,0,5,1,1
2,14,0.1,213,1,2,0,0
5,5,0.36,263,0,10,1,1
1,13,0.19,650,0,8,0,0
4,14,0.38,75,0,7,1,1
8,14,0.09,227,0,2,1,0
9,3,0.14,475,1,5,0,0
7,6,0.05,437,0,7,1,0
4,10,0.06,555,1,7,1,0
9,1,0.15,251,1,0,0,0
9,11,0.14,414,0,4,1,0
10,9,0.03,231,0,4,1,0
10,5,0.4,353,0,6,0,1
4,11,0.14,629,1,7,0,0
10,4,0.12,613,1,8,1,0
18,25,0.16,323,0,9,0,1
15,5,0.33,88,0,7,0,1
10,9,0.2,116,0,12,0,1
17,23,0.42,61,0,10,0,1
5,1,0.08,201,1,8,0,0
5,6,0.26,322,0,5,0,1
8,25,0.4,171,0,9,0,1
11,22,0.2,152,0,3,0,1
0,6,0.05,699,1,7,0,0
0,10,0.16,174,0,7,0,0
18,11,0.13,356,0,5,1,1
3,23,0.25,112,0,9,0,1
10,14,0.2,357,1,4,1,0
5,16,0.1,390,1,4,0,0
12,25,0.25,148,0,9,0,1
18,20,0.16,88,0,8,1,1
17,15,0.32,330,0,4,0,1
3,6,0.06,412,1,8,1,0
12,24,0.17,399,0,4,1,1
15,10,0.4,367,0,12,0,1
18,25,0.31,268,0,6,0,1
7,9,0.07,413,1,5,1,0
16,23,0.24,268,0,2,1,1
16,16,0.33,126,0,9,1,1
9,11,0.33,186,0,6,1,1
16,17,0.21,341,0,5,0,1
7,8,0.02,348,0,5,1,0
9,15,0.19,147,1,7,0,0
15,6,0.14,382,0,7,1,1
7,9,0.02,237,0,5,1,0
2,18,0.06,304,0,7,0,0
11,22,0.29,204,0,2,0,1
1,10,0.19,469,1,3,0,0
10,19,0.23,156,0,12,1,1
3,9,0.14,265,0,8,1,1
0,16,0.01,624,1,0,1,0
8,10,0.16,603,1,5,0,0
9,2,0.19,215,0,8,0,0
7,6,0.15,541,1,7,1,0
2,10,0.01,689,1,7,1,0
6,18,0.06,499,0,0,0,0
7,13,0.4,354,0,12,1,1
10,6,0.15,688,1,2,0,0
3,9,0.04,126,0,2,1,0
5,10,0.19,313,0,4,0,0
11,12,0.43,166,0,7,0,1
17,8,0.39,247,0,2,1,1
3,12,0.01,549,1,3,0,0
9,3,0.02,279,0,2,0,0
18,24,0.23,217,0,8,0,1
5,21,0.23,185,0,10,0,1
0,0,0.08,530,1,1,1,0
12,7,0.25,388,0,6,0,1
1,12,0.18,116,1,5,0,0
10,10,0.3,120,0,10,0,1
18,6,0.12,162,0,12,1,1
16,10,0.25,144,0,10,0,1
10,5,0.07,212,0,0,1,0
15,25,0.23,190,0,11,1,1
3,15,0.11,295,0,2,0,1
0,17,0.08,637,0,2,0,0
10,7,0.25,88,0,3,1,1
16,22,0.25,363,0,12,0,1
18,13,0.14,391,0,10,1,1
10,3,0.1,684,0,2,0,0
2,7,0.13,197,1,4,0,0
11,10,0.36,209,0,7,1,1
8,16,0.12,373,0,5,1,0
7,23,0.36,72,0,8,0,1
2,0,0.03,134,0,2,1,0
18,20,0.4,151,0,12,1,1
9,19,0.32,334,0,9,0,1
10,16,0.18,445,0,4,1,0
7,17,0.09,198,1,8,1,0
14,18,0.32,333,0,4,0,1
17,8,0.14,206,0,4,1,1
16,22,0.44,97,0,10,0,1
9,9,0.39,168,0,2,0,1
5,16,0.12,255,0,8,1,0
8,5,0.07,202,0,3,0,0
9,13,0.17,385,0,6,1,0
16,20,0.26,124,0,6,0,1
12,11,0.42,368,0,11,0,1
16,9,0.15,137,0,5,1,1
10,13,0.08,298,0,5,0,0
11,9,0.41,118,0,11,0,1
7,13,0.37,60,0,12,0,1
8,3,0.15,582,0,7,1,0
8,14,0.03,449,1,0,1,0
4,3,0.13,536,0,7,1,0
6,7,0.45,363,0,11,1,1
18,18,0.25,381,0,3,1,1
4,8,0.13,436,1,4,1,0
6,20,0.18,308,0,5,1,1
1,15,0.11,679,1,8,1,0
6,23,0.39,384,0,3,0,1
10,16,0.3,364,0,8,1,1
0,11,0.13,550,1,8,0,0
10,13,0.13,126,0,2,0,0
5,3,0.06,522,0,7,1,0
14,16,0.44,182,0,6,1,1
5,14,0.14,369,0,3,1,0
5,5,0.17,191,1,5,0,0
12,8,0.42,101,0,12,1,1
18,25,0.17,250,0,5,1,1
7,11,0.07,548,1,2,0,0
6,11,0.3,314,0,12,1,1
8,5,0.08,177,0,1,0,0
10,12,0.17,249,1,8,1,0
15,8,0.4,205,0,11,0,1
10,19,0.39,180,0,10,0,1
4,0,0.1,324,0,3,1,0
3,4,0.0,349,0,7,1,0
9,18,0.17,320,0,11,1,1
6,8,0.14,472,1,6,1,0
10,15,0.29,94,0,4,1,1
3,17,0.12,198,1,8,1,0
10,16,0.35,385,0,10,0,1
4,19,0.32,309,0,11,1,1
8,5,0.3,341,0,12,0,1
7,4,0.01,462,0,4,1,0
0,15,0.09,236,1,3,1,0
12,15,0.18,315,0,8,0,1
10,18,0.06,106,0,5,0,0
1,2,0.11,265,0,3,0,0
0,15,0.15,439,0,1,1,0
10,12,0.16,490,1,2,1,0
12,16,0.16,275,0,6,1,1
11,17,0.17,234,0,12,0,1
6,21,0.19,365,0,2,0,1
1,5,0.0,641,0,0,1,0
3,23,0.3,90,0,4,0,1
7,5,0.11,453,0,2,1,0
7,5,0.1,555,0,0,0,0
4,9,0.02,284,0,1,1,0
7,24,0.42,287,0,12,1,1
1,17,0.01,352,1,2,0,0
7,6,0.16,142,1,0,1,0
10,18,0.02,632,0,5,1,0
10,6,0.06,238,1,3,1,0
6,12,0.09,184,1,0,1,0
18,24,0.24,309,0,6,0,1
0,6,0.19,414,0,5,0,0
0,9,0.08,460,0,6,0,0
10,1,0.18,201,1,2,0,0
1,6,0.1,684,0,0,1,0
6,14,0.1,178,0,12,1,1
6,7,0.07,511,0,2,0,0
9,8,0.18,532,1,3,1,0
3,18,0.39,248,0,6,0,1
7,8,0.12,504,0,7,0,0
3,2,0.13,218,0,7,0,0
13,10,0.43,186,0,12,1,1
12,14,0.4,188,0,3,0,1
9,7,0.29,309,0,5,0,1
0,15,0.1,214,0,0,1,0
5,12,0.25,244,0,9,0,1
4,21,0.37,151,0,5,1,1
3,9,0.22,183,0,4,1,1
4,17,0.23,204,0,10,0,1
9,15,0.33,279,0,2,1,1
10,24,0.28,340,0,4,0,1
5,1,0.02,166,1,8,0,0
2,10,0.07,246,0,3,0,0
4,17,0.37,116,0,5,0,1
1,0,0.13,587,1,4,1,0
10,20,0.31,231,0,12,1,1
7,19,0.29,239,0,5,0,1
8,17,0.45,137,0,7,0,1
12,9,0.11,265,0,10,0,1
2,11,0.04,515,1,6,1,0
7,12,0.09,445,1,6,0,0
3,7,0.04,295,0,5,1,0
6,11,0.13,318,1,2,1,0
17,14,0.42,374,0,8,0,1
13,22,0.41,392,0,8,1,1
17,5,0.34,252,0,11,0,1
7,25,0.24,156,0,4,1,1
10,9,0.37,304,0,7,0,1
1,2,0.0,154,1,1,1,0
5,6,0.15,318,1,1,1,0
5,18,0.18,557,1,5,0,0
6,22,0.16,132,0,4,1,1
16,10,0.3,376,0,9,1,1
3,3,0.13,250,1,1,0,0
15,20,0.23,142,0,2,1,1
9,18,0.04,120,1,5,1,0
5,2,0.04,407,1,2,0,0
10,6,0.19,428,1,1,1,0
7,0,0.12,527,0,5,1,0
11,21,0.42,67,0,9,1,1
0,7,0.14,369,1,6,1,0
17,7,0.22,71,0,4,0,1
0,9,0.08,581,1,6,0,0
4,12,0.07,624,1,6,1,0
14,13,0.29,305,0,6,1,1
17,7,0.38,218,0,10,0,1
7,8,0.19,145,0,7,0,1
10,7,0.4,59,0,2,1,1
9,2,0.03,571,1,1,0,0
7,11,0.42,96,0,4,0,1
1,0,0.09,338,0,0,0,0
9,20,0.39,308,0,11,0,1
4,19,0.16,58,0,3,0,1
4,4,0.18,689,0,1,0,0
13,12,0.16,380,0,11,1,1
8,9,0.04,356,1,3,0,0
10,8,0.06,265,0,0,0,0
4,24,0.36,275,0,3,1,1
5,15,0.31,240,0,12,0,1
5,14,0.07,591,1,7,1,0
5,17,0.2,294,0,2,0,0
6,14,0.18,432,1,7,1,0
7,17,0.25,67,0,4,1,1
7,17,0.23,277,0,12,0,1
8,11,0.13,255,0,9,0,1
9,5,0.27,136,0,6,1,1
18,24,0.35,276,0,8,0,1
4,16,0.44,89,0,7,1,1
2,7,0.1,606,0,6,1,0
12,25,0.16,377,0,6,1,1
9,4,0.11,449,1,2,1,0
7,2,0.0,478,1,3,0,0
3,10,0.13,587,1,8,1,0
5,6,0.18,429,0,3,0,0
18,5,0.21,103,0,8,0,1
1,16,0.1,372,0,7,1,0
4,4,0.07,160,1,3,0,0
5,11,0.16,594,0,4,1,0
13,24,0.41,157,0,12,0,1
9,3,0.06,162,0,8,1,0
15,18,0.35,60,0,6,1,1
12,5,0.11,384,0,8,0,1
7,19,0.32,339,0,4,1,1
1,8,0.09,302,1,4,0,0
5,0,0.02,434,1,5,0,0
15,22,0.11,277,0,12,1,1
13,24,0.39,72,0,12,1,1
4,21,0.12,122,0,9,0,1
2,4,0.02,267,0,1,1,0
5,2,0.08,171,1,6,0,0
10,12,0.14,661,0,3,1,0
11,12,0.18,385,0,12,0,1
10,20,0.11,167,0,5,0,1
2,16,0.06,496,1,0,1,0
16,22,0.12,157,0,11,0,1
18,5,0.22,96,0,11,1,1
2,12,0.04,649,0,4,1,0
8,12,0.03,306,1,5,0,0
11,17,0.14,201,0,9,0,1
15,11,0.16,76,0,8,0,1
3,6,0.15,405,0,4,1,0
10,23,0.41,184,0,5,0,1
9,10,0.4,160,0,9,1,1
7,12,0.12,269,1,7,1,0
10,7,0.02,209,0,0,0,0
4,0,0.06,490,0,1,0,0
9,18,0.36,245,0,3,1,1
3,14,0.37,116,0,6,0,1
9,8,0.42,70,0,9,0,1
5,12,0.26,351,0,10,1,1
18,7,0.36,133,0,5,0,1
15,5,0.11,276,0,9,1,1
3,23,0.41,391,0,3,1,1
7,6,0.16,124,1,3,0,0
0,1,0.17,545,1,3,0,0
5,24,0.23,296,0,10,0,1
14,22,0.29,219,0,12,1,1
15,16,0.26,232,0,6,0,1
7,17,0.08,542,0,4,0,0
14,25,0.26,331,0,12,0,1
5,16,0.18,248,1,8,0,0
9,4,0.2,310,1,1,1,0
8,17,0.01,206,0,4,0,0
10,10,0.1,433,1,8,1,0
6,7,0.12,517,0,3,1,0
9,5,0.41,313,0,3,1,1
5,14,0.18,262,0,6,0,1
1,6,0.0,131,1,1,0,0
5,7,0.19,115,0,8,1,1
0,9,0.07,483,0,4,1,0
7,18,0.01,603,0,7,1,0
11,20,0.4,251,0,10,0,1
14,20,0.45,249,0,2,1,1
1,15,0.05,194,0,3,0,0
13,12,0.31,295,0,2,1,1
17,11,0.31,103,0,2,0,1
10,0,0.19,555,0,8,0,0
15,22,0.33,79,0,6,0,1
7,5,0.18,400,0,0,1,0
6,3,0.14,178,0,7,1,0
15,25,0.42,247,0,2,1,1
13,23,0.4,172,0,9,0,1
7,9,0.36,364,0,11,0,1
14,18,0.11,323,0,7,0,1
4,13,0.25,271,0,3,0,1
14,20,0.24,179,0,4,0,1
5,23,0.17,155,0,9,1,1
7,2,0.19,289,1,1,0,0
7,14,0.15,255,0,2,1,1
3,8,0.28,191,0,11,0,1
7,15,0.42,300,0,5,0,1
7,15,0.04,276,1,8,0,0
7,21,0.15,89,0,9,0,1
3,13,0.17,470,0,4,1,0
16,6,0.4,257,0,2,0,1
5,12,0.09,330,0,7,1,0
10,5,0.05,633,1,7,0,0
3,18,0.12,98,0,4,0,1
15,13,0.26,229,0,6,1,1
7,16,0.1,673,0,7,1,0
18,15,0.29,370,0,12,0,1
11,13,0.41,359,0,10,0,1
13,12,0.3,233,0,6,0,1
8,13,0.06,534,0,2,1,0
14,22,0.29,159,0,9,0,1
12,25,0.19,361,0,12,1,1
18,16,0.19,302,0,6,1,1
2,8,0.12,358,0,6,1,0
9,13,0.42,287,0,10,1,1
6,6,0.05,537,1,1,1,0
13,8,0.15,117,0,7,0,1
